Abilene	https://ubereats.com/abilene/
Aguascalientes	https://ubereats.com/aguascalientes/
Akron	https://ubereats.com/akron/
Albuquerque	https://ubereats.com/albuquerque/
Amarillo	https://ubereats.com/amarillo/
Ames	https://ubereats.com/ames/
Ann Arbor	https://ubereats.com/ann_arbor/
Asheville, NC	https://ubereats.com/asheville_nc/
Athens	https://ubereats.com/athens/
Atlanta	https://ubereats.com/atlanta/
Auburn	https://ubereats.com/auburn/
Augusta	https://ubereats.com/augusta/
Austin	https://ubereats.com/austin/
Bakersfield	https://ubereats.com/bakersfield/
Baltimore-Maryland	https://ubereats.com/baltimore/
Baton Rouge	https://ubereats.com/baton_rouge/
Beaumont	https://ubereats.com/beaumont/
Bellingham	https://ubereats.com/bellingham/
Billings	https://ubereats.com/billings/
Birmingham, AL	https://ubereats.com/birmingham_al/
Bismarck	https://ubereats.com/bismarck/
Bloomington, IN	https://ubereats.com/bloomington/
Boise	https://ubereats.com/boise/
Boone	https://ubereats.com/boone/
Boston	https://ubereats.com/boston/
Bowling Green, KY	https://ubereats.com/bowling_green_ky/
Bozeman	https://ubereats.com/bozeman/
Calgary	https://ubereats.com/calgary/
Cancun	https://ubereats.com/cancun/
Carbondale	https://ubereats.com/carbondale/
Cedar Rapids	https://ubereats.com/cedar_rapids/
Celaya	https://ubereats.com/celaya/
Central Atlantic Coast, FL	https://ubereats.com/daytona_beach/
Central Oregon	https://ubereats.com/eastern_oregon/
Champaign	https://ubereats.com/champaign/
Charleston	https://ubereats.com/charleston/
Charlotte	https://ubereats.com/charlotte/
Charlottesville-Harrisonburg	https://ubereats.com/charlottesville_va/
Chattanooga	https://ubereats.com/chattanooga/
Chicago	https://ubereats.com/chicago/
Chihuahua	https://ubereats.com/chihuahua/
Cincinnati	https://ubereats.com/cincinnati/
Ciudad Juarez	https://ubereats.com/ciudad_juarez/
Ciudad Obregon	https://ubereats.com/ciudad_obregon/
Cleveland	https://ubereats.com/cleveland/
Coastal Georgia	https://ubereats.com/georgia_coast/
Coeur d'Alene	https://ubereats.com/coeur_dalene/
College Station	https://ubereats.com/college_station/
Colorado Springs	https://ubereats.com/colorado_springs/
Columbia	https://ubereats.com/columbia/
Columbia, MO	https://ubereats.com/columbia_mo/
Columbus	https://ubereats.com/columbus/
Columbus, GA	https://ubereats.com/columbus_ga/
Connecticut	https://ubereats.com/connecticut/
Cookeville	https://ubereats.com/cookeville/
Corpus Christi	https://ubereats.com/corpus_christi/
Cuernavaca	https://ubereats.com/cuernavaca/
Culiacan	https://ubereats.com/culiacan/
Dallas	https://ubereats.com/dallas/
Dayton	https://ubereats.com/dayton/
Delaware	https://ubereats.com/wilmington_de/
Denver	https://ubereats.com/denver/
Des Moines	https://ubereats.com/des_moines/
Detroit	https://ubereats.com/detroit/
Dothan	https://ubereats.com/dothan/
Dubuque	https://ubereats.com/dubuque/
Duluth	https://ubereats.com/duluth/
East Alabama	https://ubereats.com/east_alabama/
Eastern Idaho	https://ubereats.com/eastern_idaho/
Eastern North Carolina	https://ubereats.com/eastern_north_carolina/
Eastern Shore	https://ubereats.com/annapolis/
Eastern Washington	https://ubereats.com/tricities_wa/
Eastern WV	https://ubereats.com/morgantown_wv/
Eau Claire	https://ubereats.com/eau_claire/
Edmonton	https://ubereats.com/edmonton/
El Paso	https://ubereats.com/el_paso/
Erie	https://ubereats.com/erie/
Eugene, OR	https://ubereats.com/eugene_or/
Evansville, IN	https://ubereats.com/evansville_in/
Fargo	https://ubereats.com/fargo/
Fayetteville, AR	https://ubereats.com/fayetteville_ar/
Fayetteville, NC	https://ubereats.com/fayetteville/
Flagstaff	https://ubereats.com/flagstaff/
Flint	https://ubereats.com/flint/
Florence, SC	https://ubereats.com/florence_sc/
Fort Collins	https://ubereats.com/fort_collins/
Fort Myers-Naples	https://ubereats.com/fort_myers/
Fort Wayne	https://ubereats.com/fort_wayne/
Fresno	https://ubereats.com/fresno/
Gainesville	https://ubereats.com/gainesville/
Gallup	https://ubereats.com/gallup/
Gatineau	https://ubereats.com/gatineau/
Golden Triangle	https://ubereats.com/golden_triangle/
Grand Forks	https://ubereats.com/grand_forks/
Grand Rapids	https://ubereats.com/grand_rapids/
Greater Maine	https://ubereats.com/maine/
Greater Sudbury	https://ubereats.com/greater_sudbury/
Greater Williamsport	https://ubereats.com/greater_williamsport/
Green Bay	https://ubereats.com/green_bay/
Greenville, SC	https://ubereats.com/greenville_sc/